mean_ibi,std_ibi,mean_hr,std_hr,mean_acc,std_acc,label,participant
0.6828612188948996,0.1040365177424238,,,,,0,P01
0.7950950114773396,0.0898877662658131,,,,,1,P02
0.7686042026409345,0.17129539123497892,,,,,1,P03
0.8648591721234798,0.17389596865146148,,,,,1,P04
